ASSC,ASSC
ASSO,ASSC
ASSN,ASSC
ASSOC,ASSC
ASSOCATES,ASSC
ASSICATES,ASSC
ASSOCIA,ASSC
ASSOCIATES,ASSC
ASSOCIATION,ASSC
A SOLE PROPRIETOR,ASP
A SOLE PROPRIETORSHIP ,ASP
SOLE PROPRIETORSHIP,ASP
SOLE PROPRIETOR,ASP
SOLE PROP,ASP
CO OPERATIVE,COOP
CO OPERATIVES,COOP
COOPERATIVE,COOP
COOPERATIVES,COOP
CO OP,COOP
COMPANY,CO
COMPNAY,CO
COMPANIES,CO
COMPAN,CO
CORPORATION,CORP
COPORATION,CORP
CORPORTATION,CORP
CORPORATE,CORP
CORPORATTION,CORP
ET AL PA,ET AL PTR
ET AL P A,ET AL PTR
ET AL GEN PTR,ET AL PTR
ET AL PTR,ET AL PTR
ET AL PTRS,ET AL PTR
ET AL PTNR,ET AL PTR
INCORP,INC
INCORPORATION,INC
INCORPORATED,INC
INCORPORAT,INC
LIMITED,LTD
LTD PARTNERSHIP,LTD PTR
PROFESSIONAL CORPORATION,PC
PROF CORPORATION ,PC
A PROF CORP,PC
PROF CORP,PC
PRT,PTR
PRTSHIP,PTR
PRTSP,PTR
PTN,PTR
PTNR,PTR
PTNRS,PTR
PTNRSHIP,PTR
PTNSHP,PTR
PTRS,PTR
PTRSHP,PTR
PTS,PTR
PTSHIP,PTR
PTSHP,PTR
SERVICE CORPORATION,SC
SERVICE CORP,SC
SVC CORP,SC
& AFFILIATES,& AFF
& AFFILIATED COMPANIES,& AFF
& AFFILIATED COS,& AFF
& AFFILIATED CO,& AFF
& ITS AFFILIATED COS,& AFF
& ITS AFFILIATED CO,& AFF
& SUBSIDIARIES,& SUBS
& SUBSIDIARY,& SUBS
& ALL OF ITS US SUBSIDIARIES,& SUBS
& ITS SUBSIDIARIES,& SUBS
& SUBSID,& SUBS
